{
    "version": 1,
    "author": "William Ginting",
    "editor": "wokwi",
    "parts": [
      { "type": "board-esp32-devkit-c-v4", "id": "esp", "top": -48, "left": 14.44, "attrs": {} },
      {
        "type": "wokwi-led",
        "id": "led1",
        "top": -32.4,
        "left": -159.4,
        "attrs": { "color": "green" }
      },
      {
        "type": "wokwi-led",
        "id": "led2",
        "top": -42,
        "left": -111.4,
        "attrs": { "color": "yellow" }
      }
    ],
    "connections": [
      [ "esp:TX", "$serialMonitor:RX", "", [] ],
      [ "esp:RX", "$serialMonitor:TX", "", [] ],
      [ "led2:C", "esp:GND.1", "green", [ "v0" ] ],
      [ "led1:C", "esp:GND.1", "green", [ "v0" ] ],
      [ "led2:A", "esp:33", "green", [ "v0" ] ],
      [ "led1:A", "esp:26", "green", [ "v0" ] ]
    ],
    "dependencies": {}
  }