{
  "version": 1,
  "author": "William Ginting",
  "editor": "wokwi",
  "parts": [
    { "type": "board-esp32-devkit-c-v4", "id": "esp", "top": 0, "left": -129.56, "attrs": {} },
    { "type": "wokwi-led", "id": "led1", "top": -3.6, "left": 71, "attrs": { "color": "red" } },
    {
      "type": "wokwi-led",
      "id": "led2",
      "top": -3.6,
      "left": 147.8,
      "attrs": { "color": "yellow" }
    },
    {
      "type": "wokwi-led",
      "id": "led3",
      "top": -3.6,
      "left": 224.6,
      "attrs": { "color": "green" }
    },
    {
      "type": "wokwi-resistor",
      "id": "r1",
      "top": 71.15,
      "left": 19.2,
      "attrs": { "value": "1000" }
    },
    {
      "type": "wokwi-resistor",
      "id": "r2",
      "top": 109.55,
      "left": 76.8,
      "attrs": { "value": "1000" }
    },
    {
      "type": "wokwi-resistor",
      "id": "r3",
      "top": 157.55,
      "left": 76.8,
      "attrs": { "value": "1000" }
    }
  ],
  "connections": [
    [ "esp:TX", "$serialMonitor:RX", "", [] ],
    [ "esp:RX", "$serialMonitor:TX", "", [] ],
    [ "esp:5", "r2:1", "green", [ "h0" ] ],
    [ "esp:21", "r1:1", "green", [ "h0" ] ],
    [ "esp:2", "r3:1", "green", [ "h0" ] ],
    [ "esp:D1", "led1:C", "green", [ "h0" ] ],
    [ "led2:C", "esp:D1", "green", [ "v0" ] ],
    [ "led3:C", "esp:D1", "green", [ "v0" ] ],
    [ "r1:2", "led1:A", "green", [ "v0" ] ],
    [ "r2:2", "led2:A", "green", [ "v0" ] ],
    [ "r3:2", "led3:A", "green", [ "v0" ] ]
  ],
  "dependencies": {}
}