{
    "version": 1,
    "author": "William Ginting",
    "editor": "wokwi",
    "parts": [
      { "type": "board-esp32-devkit-c-v4", "id": "esp", "top": 19.2, "left": -110.36, "attrs": {} },
      { "type": "wokwi-relay-module", "id": "relay1", "top": -67, "left": 48, "attrs": {} },
      {
        "type": "wokwi-pushbutton",
        "id": "btn1",
        "top": 111.8,
        "left": 76.8,
        "attrs": { "color": "green", "xray": "1" }
      },
      { "type": "wokwi-led", "id": "led1", "top": 188.4, "left": 23, "attrs": { "color": "red" } }
    ],
    "connections": [
      [ "esp:TX", "$serialMonitor:RX", "", [] ],
      [ "esp:RX", "$serialMonitor:TX", "", [] ],
      [ "relay1:IN", "esp:23", "green", [ "h0" ] ],
      [ "relay1:GND", "esp:GND.2", "black", [ "h0" ] ],
      [ "relay1:VCC", "esp:3V3", "red", [ "h0" ] ],
      [ "esp:19", "btn1:1.l", "green", [ "h0" ] ],
      [ "esp:GND.2", "btn1:2.l", "black", [ "v0" ] ],
      [ "led1:C", "esp:GND.2", "green", [ "v0" ] ],
      [ "esp:18", "led1:A", "green", [ "h0" ] ]
    ],
    "dependencies": {}
  }